{
    "R4": {
        "MOC": 0.43783051749513957,
        "heat_flux2d": 11760785689.242527,
        "heat_flux": 38024481421132.93,
        "SST": 0.6468389749438456,
        "SSH": 0.1080768341795772,
        "uzonal_barotropic": 0.02170011479304748,
        "uzonal_section": 0.02365479564049307,
        "EKEs": 0.0503913616507928,
        "EKEz": 0.0031579672599010198,
        "EKE_ratio": 0.3160559353497699
    },
    "R4_neg": {
        "MOC": 0.15187065281002526,
        "heat_flux2d": 5166797162.104077,
        "heat_flux": 13493249291801.854,
        "SST": 0.403611494730603,
        "SSH": 0.060329684425449524,
        "uzonal_barotropic": 0.01703385707481099,
        "uzonal_section": 0.012325103909644764,
        "EKEs": 0.027313241731416697,
        "EKEz": 0.0006495834324831971,
        "EKE_ratio": 1.1088949462924453
    },
    "CR_25": {
        "MOC": 0.219297590725245,
        "heat_flux2d": 8110930510.644523,
        "heat_flux": 17379288702609.004,
        "SST": 0.23022783159708457,
        "SSH": 0.04845197215552542,
        "uzonal_barotropic": 0.021826245203263955,
        "uzonal_section": 0.01711092409745095,
        "EKEs": 0.029630232878701212,
        "EKEz": 0.002531716340826361,
        "EKE_ratio": 1.474409551969731
    },
    "CR_35_2iter_4boundary": {
        "MOC": 0.21698045296735802,
        "heat_flux2d": 5431508611.545065,
        "heat_flux": 12467301047778.225,
        "SST": 0.31142462901796275,
        "SSH": 0.05716286435362806,
        "uzonal_barotropic": 0.01837174002942946,
        "uzonal_section": 0.014329935657317385,
        "EKEs": 0.028072213880248578,
        "EKEz": 0.0004938430419169659,
        "EKE_ratio": 1.0576806069476412
    },
    "CR_35_2_iter": {
        "MOC": 0.24434851846648617,
        "heat_flux2d": 7050224152.902549,
        "heat_flux": 20311928269228.125,
        "SST": 0.35073430618921075,
        "SSH": 0.07171621471538057,
        "uzonal_barotropic": 0.023517145104340543,
        "uzonal_section": 0.017161656966826137,
        "EKEs": 0.03513238113977018,
        "EKEz": 0.00040394673564734585,
        "EKE_ratio": 0.9106937655175565
    },
    "CR_25_2iter_4boundary": {
        "MOC": 0.2314159815203651,
        "heat_flux2d": 6451873106.236849,
        "heat_flux": 17058017350174.76,
        "SST": 0.3533676916039557,
        "SSH": 0.06964189648765068,
        "uzonal_barotropic": 0.021875212000806183,
        "uzonal_section": 0.01658283965699435,
        "EKEs": 0.03357414365346194,
        "EKEz": 0.00038113787424194395,
        "EKE_ratio": 0.9135785140265095
    },
    "CR_20": {
        "MOC": 0.19722150999286717,
        "heat_flux2d": 7089818857.695761,
        "heat_flux": 13967501047593.918,
        "SST": 0.26700044351997854,
        "SSH": 0.05153424327423256,
        "uzonal_barotropic": 0.019581308551582948,
        "uzonal_section": 0.014609875245926052,
        "EKEs": 0.025894301391068637,
        "EKEz": 0.001641155541799626,
        "EKE_ratio": 1.2878251917953096
    },
    "CR_25_2iter": {
        "MOC": 0.30928823747479806,
        "heat_flux2d": 9016817986.360353,
        "heat_flux": 29576290040558.402,
        "SST": 0.4098840630210702,
        "SSH": 0.08384707073703825,
        "uzonal_barotropic": 0.023166634062009087,
        "uzonal_section": 0.019253584305673848,
        "EKEs": 0.04133048876915068,
        "EKEz": 0.0011043778795807415,
        "EKE_ratio": 0.7461219724663543
    },
    "CR_25_3iter": {
        "MOC": 0.21466411675804156,
        "heat_flux2d": 6758733445.075846,
        "heat_flux": 15230498263377.14,
        "SST": 0.2987973471703971,
        "SSH": 0.058934370289037454,
        "uzonal_barotropic": 0.02162554583426566,
        "uzonal_section": 0.016099995073084867,
        "EKEs": 0.028721508945330543,
        "EKEz": 0.0009326289442659401,
        "EKE_ratio": 1.1314764438099796
    },
    "CR_20_2iter": {
        "MOC": 0.31434182335396427,
        "heat_flux2d": 9593028411.813892,
        "heat_flux": 31822628146838.082,
        "SST": 0.4436199361502926,
        "SSH": 0.09052548765876936,
        "uzonal_barotropic": 0.023162674674484632,
        "uzonal_section": 0.017775171104204398,
        "EKEs": 0.04406349731111929,
        "EKEz": 0.0015476417836905135,
        "EKE_ratio": 0.6544904705484968
    },
    "CR_30_2iter_4boundary": {
        "MOC": 0.1721864279403308,
        "heat_flux2d": 6214436103.161719,
        "heat_flux": 12987769251475.916,
        "SST": 0.3209896082962494,
        "SSH": 0.060910093222814446,
        "uzonal_barotropic": 0.019939298741350725,
        "uzonal_section": 0.01605789246174987,
        "EKEs": 0.030416280332762294,
        "EKEz": 0.0003251614127846986,
        "EKE_ratio": 1.0314451813811478
    }
}